id;tracking_code;date;details
1;before;2025-08-01T00:37:58;formula sightseeing
2;suddenly;2025-08-01T01:31:50;bathrobe dense motor
3;ouch mask neck;2025-07-31T13:19:15;supposing obedience splash
4;blowgun;2025-07-31T18:33:44;ack pro
5;as hubris gosh;2025-07-31T08:18:03;council
6;duh gah modulo;2025-07-31T19:05:51;mockingly
7;worth inasmuch;2025-07-31T09:11:47;reach provided accidentally
8;pine separately;2025-07-31T15:20:40;because scamper
9;yet nearly march;2025-07-31T08:31:31;putrid under that
10;in blah;2025-07-31T20:37:16;buzzing obediently sin
